<?xml version="1.0" encoding="utf-8" standalone="yes"?>
<rss version="2.0" xmlns:atom="http://www.w3.org/2005/Atom">
  <channel>
    <title>Categories on Hugoplate</title>
    <link>//localhost:1313/categories/</link>
    <description>Recent content in Categories on Hugoplate</description>
    <generator>Hugo</generator>
    <language>en-us</language>
    <lastBuildDate>Mon, 04 Apr 2022 05:00:00 +0000</lastBuildDate>
    <atom:link href="//localhost:1313/categories/index.xml" rel="self" type="application/rss+xml" />
    <item>
      <title>Application</title>
      <link>//localhost:1313/categories/application/</link>
      <pubDate>Mon, 04 Apr 2022 05:00:00 +0000</pubDate>
      <guid>//localhost:1313/categories/application/</guid>
      <description></description>
    </item>
    <item>
      <title>Architecture</title>
      <link>//localhost:1313/categories/architecture/</link>
      <pubDate>Mon, 04 Apr 2022 05:00:00 +0000</pubDate>
      <guid>//localhost:1313/categories/architecture/</guid>
      <description></description>
    </item>
    <item>
      <title>Data</title>
      <link>//localhost:1313/categories/data/</link>
      <pubDate>Mon, 04 Apr 2022 05:00:00 +0000</pubDate>
      <guid>//localhost:1313/categories/data/</guid>
      <description></description>
    </item>
    <item>
      <title>Software</title>
      <link>//localhost:1313/categories/software/</link>
      <pubDate>Mon, 04 Apr 2022 05:00:00 +0000</pubDate>
      <guid>//localhost:1313/categories/software/</guid>
      <description></description>
    </item>
    <item>
      <title>Technology</title>
      <link>//localhost:1313/categories/technology/</link>
      <pubDate>Mon, 04 Apr 2022 05:00:00 +0000</pubDate>
      <guid>//localhost:1313/categories/technology/</guid>
      <description></description>
    </item>
  </channel>
</rss>
