<?xml version="1.0" encoding="utf-8" standalone="yes"?>
<rss version="2.0" xmlns:atom="http://www.w3.org/2005/Atom">
  <channel>
    <title>Services on Hugoplate</title>
    <link>//localhost:1313/services/</link>
    <description>Recent content in Services on Hugoplate</description>
    <generator>Hugo</generator>
    <language>en-us</language>
    <lastBuildDate>Mon, 30 Jun 2025 00:00:00 -0400</lastBuildDate>
    <atom:link href="//localhost:1313/services/index.xml" rel="self" type="application/rss+xml" />
    <item>
      <title>Chipping &amp; Shredding</title>
      <link>//localhost:1313/services/chipping-and-shredding/</link>
      <pubDate>Mon, 30 Jun 2025 00:00:00 -0400</pubDate>
      <guid>//localhost:1313/services/chipping-and-shredding/</guid>
      <description>&lt;p&gt;Lorem Ipsum is simply dummy text of the printing and typesetting industry. Lorem Ipsum has been the industry&amp;rsquo;s standard dummy text ever since the 1500s, when an unknown printer took a galley of type and scrambled it to make a type specimen book. It has survived not only five centuries, but also the leap into electronic typesetting, remaining essentially unchanged. It was popularised in the 1960s with the release of Letraset sheets containing Lorem Ipsum passages, and more recently with desktop publishing software like Aldus PageMaker including versions of Lorem Ipsum.&lt;/p&gt;</description>
    </item>
    <item>
      <title>Garden Mulching</title>
      <link>//localhost:1313/services/garden-mulching/</link>
      <pubDate>Mon, 30 Jun 2025 00:00:00 -0400</pubDate>
      <guid>//localhost:1313/services/garden-mulching/</guid>
      <description>&lt;p&gt;Lorem Ipsum is simply dummy text of the printing and typesetting industry. Lorem Ipsum has been the industry&amp;rsquo;s standard dummy text ever since the 1500s, when an unknown printer took a galley of type and scrambled it to make a type specimen book. It has survived not only five centuries, but also the leap into electronic typesetting, remaining essentially unchanged. It was popularised in the 1960s with the release of Letraset sheets containing Lorem Ipsum passages, and more recently with desktop publishing software like Aldus PageMaker including versions of Lorem Ipsum.&lt;/p&gt;</description>
    </item>
    <item>
      <title>Hedge Trimming &amp; Pruning</title>
      <link>//localhost:1313/services/hedge-trimming-and-pruning/</link>
      <pubDate>Mon, 30 Jun 2025 00:00:00 -0400</pubDate>
      <guid>//localhost:1313/services/hedge-trimming-and-pruning/</guid>
      <description>&lt;p&gt;Lorem Ipsum is simply dummy text of the printing and typesetting industry. Lorem Ipsum has been the industry&amp;rsquo;s standard dummy text ever since the 1500s, when an unknown printer took a galley of type and scrambled it to make a type specimen book. It has survived not only five centuries, but also the leap into electronic typesetting, remaining essentially unchanged. It was popularised in the 1960s with the release of Letraset sheets containing Lorem Ipsum passages, and more recently with desktop publishing software like Aldus PageMaker including versions of Lorem Ipsum.&lt;/p&gt;</description>
    </item>
    <item>
      <title>Lawn Care</title>
      <link>//localhost:1313/services/lawncare/</link>
      <pubDate>Mon, 30 Jun 2025 00:00:00 -0400</pubDate>
      <guid>//localhost:1313/services/lawncare/</guid>
      <description>&lt;p&gt;We provide scheduled lawn mowing, edging, trimming, and blowing services to keep your yard neat and manicured throughout the season. Let us keep your grass healthy and your property beautiful.&lt;/p&gt;</description>
    </item>
    <item>
      <title>Log Splitting</title>
      <link>//localhost:1313/services/log-splitting/</link>
      <pubDate>Mon, 30 Jun 2025 00:00:00 -0400</pubDate>
      <guid>//localhost:1313/services/log-splitting/</guid>
      <description>&lt;p&gt;Lorem Ipsum is simply dummy text of the printing and typesetting industry. Lorem Ipsum has been the industry&amp;rsquo;s standard dummy text ever since the 1500s, when an unknown printer took a galley of type and scrambled it to make a type specimen book. It has survived not only five centuries, but also the leap into electronic typesetting, remaining essentially unchanged. It was popularised in the 1960s with the release of Letraset sheets containing Lorem Ipsum passages, and more recently with desktop publishing software like Aldus PageMaker including versions of Lorem Ipsum.&lt;/p&gt;</description>
    </item>
    <item>
      <title>Mosquito Control</title>
      <link>//localhost:1313/services/mosquito-control/</link>
      <pubDate>Mon, 30 Jun 2025 00:00:00 -0400</pubDate>
      <guid>//localhost:1313/services/mosquito-control/</guid>
      <description>&lt;p&gt;Lorem Ipsum is simply dummy text of the printing and typesetting industry. Lorem Ipsum has been the industry&amp;rsquo;s standard dummy text ever since the 1500s, when an unknown printer took a galley of type and scrambled it to make a type specimen book. It has survived not only five centuries, but also the leap into electronic typesetting, remaining essentially unchanged. It was popularised in the 1960s with the release of Letraset sheets containing Lorem Ipsum passages, and more recently with desktop publishing software like Aldus PageMaker including versions of Lorem Ipsum.&lt;/p&gt;</description>
    </item>
    <item>
      <title>Power Washing &amp; Stone Cleaning</title>
      <link>//localhost:1313/services/power-washing-and-stone-cleaning/</link>
      <pubDate>Mon, 30 Jun 2025 00:00:00 -0400</pubDate>
      <guid>//localhost:1313/services/power-washing-and-stone-cleaning/</guid>
      <description>&lt;p&gt;Lorem Ipsum is simply dummy text of the printing and typesetting industry. Lorem Ipsum has been the industry&amp;rsquo;s standard dummy text ever since the 1500s, when an unknown printer took a galley of type and scrambled it to make a type specimen book. It has survived not only five centuries, but also the leap into electronic typesetting, remaining essentially unchanged. It was popularised in the 1960s with the release of Letraset sheets containing Lorem Ipsum passages, and more recently with desktop publishing software like Aldus PageMaker including versions of Lorem Ipsum.&lt;/p&gt;</description>
    </item>
    <item>
      <title>Spring &amp; Fall Cleanups</title>
      <link>//localhost:1313/services/spring-and-fall-cleanups/</link>
      <pubDate>Mon, 30 Jun 2025 00:00:00 -0400</pubDate>
      <guid>//localhost:1313/services/spring-and-fall-cleanups/</guid>
      <description>&lt;p&gt;Lorem Ipsum is simply dummy text of the printing and typesetting industry. Lorem Ipsum has been the industry&amp;rsquo;s standard dummy text ever since the 1500s, when an unknown printer took a galley of type and scrambled it to make a type specimen book. It has survived not only five centuries, but also the leap into electronic typesetting, remaining essentially unchanged. It was popularised in the 1960s with the release of Letraset sheets containing Lorem Ipsum passages, and more recently with desktop publishing software like Aldus PageMaker including versions of Lorem Ipsum.&lt;/p&gt;</description>
    </item>
    <item>
      <title>Tree Removal</title>
      <link>//localhost:1313/services/tree-removal/</link>
      <pubDate>Mon, 30 Jun 2025 00:00:00 -0400</pubDate>
      <guid>//localhost:1313/services/tree-removal/</guid>
      <description>&lt;p&gt;Lorem Ipsum is simply dummy text of the printing and typesetting industry. Lorem Ipsum has been the industry&amp;rsquo;s standard dummy text ever since the 1500s, when an unknown printer took a galley of type and scrambled it to make a type specimen book. It has survived not only five centuries, but also the leap into electronic typesetting, remaining essentially unchanged. It was popularised in the 1960s with the release of Letraset sheets containing Lorem Ipsum passages, and more recently with desktop publishing software like Aldus PageMaker including versions of Lorem Ipsum.&lt;/p&gt;</description>
    </item>
    <item>
      <title>Window Cleaning</title>
      <link>//localhost:1313/services/window-cleaning/</link>
      <pubDate>Mon, 30 Jun 2025 00:00:00 -0400</pubDate>
      <guid>//localhost:1313/services/window-cleaning/</guid>
      <description>&lt;p&gt;Lorem Ipsum is simply dummy text of the printing and typesetting industry. Lorem Ipsum has been the industry&amp;rsquo;s standard dummy text ever since the 1500s, when an unknown printer took a galley of type and scrambled it to make a type specimen book. It has survived not only five centuries, but also the leap into electronic typesetting, remaining essentially unchanged. It was popularised in the 1960s with the release of Letraset sheets containing Lorem Ipsum passages, and more recently with desktop publishing software like Aldus PageMaker including versions of Lorem Ipsum.&lt;/p&gt;</description>
    </item>
  </channel>
</rss>
