<?xml version="1.0" encoding="utf-8" standalone="yes"?>
<rss version="2.0" xmlns:atom="http://www.w3.org/2005/Atom">
  <channel>
    <title>Tags on Hugoplate</title>
    <link>//localhost:1313/tags/</link>
    <description>Recent content in Tags on Hugoplate</description>
    <generator>Hugo</generator>
    <language>en-us</language>
    <lastBuildDate>Mon, 04 Apr 2022 05:00:00 +0000</lastBuildDate>
    <atom:link href="//localhost:1313/tags/index.xml" rel="self" type="application/rss+xml" />
    <item>
      <title>Nextjs</title>
      <link>//localhost:1313/tags/nextjs/</link>
      <pubDate>Mon, 04 Apr 2022 05:00:00 +0000</pubDate>
      <guid>//localhost:1313/tags/nextjs/</guid>
      <description></description>
    </item>
    <item>
      <title>Silicon</title>
      <link>//localhost:1313/tags/silicon/</link>
      <pubDate>Mon, 04 Apr 2022 05:00:00 +0000</pubDate>
      <guid>//localhost:1313/tags/silicon/</guid>
      <description></description>
    </item>
    <item>
      <title>Software</title>
      <link>//localhost:1313/tags/software/</link>
      <pubDate>Mon, 04 Apr 2022 05:00:00 +0000</pubDate>
      <guid>//localhost:1313/tags/software/</guid>
      <description></description>
    </item>
    <item>
      <title>Tailwind</title>
      <link>//localhost:1313/tags/tailwind/</link>
      <pubDate>Mon, 04 Apr 2022 05:00:00 +0000</pubDate>
      <guid>//localhost:1313/tags/tailwind/</guid>
      <description></description>
    </item>
    <item>
      <title>Technology</title>
      <link>//localhost:1313/tags/technology/</link>
      <pubDate>Mon, 04 Apr 2022 05:00:00 +0000</pubDate>
      <guid>//localhost:1313/tags/technology/</guid>
      <description></description>
    </item>
  </channel>
</rss>
