<?xml version="1.0" encoding="utf-8" standalone="yes"?>
<rss version="2.0" xmlns:atom="http://www.w3.org/2005/Atom">
  <channel>
    <title>Authors on Hugoplate</title>
    <link>//localhost:1313/authors/</link>
    <description>Recent content in Authors on Hugoplate</description>
    <generator>Hugo</generator>
    <language>en-us</language>
    <atom:link href="//localhost:1313/authors/index.xml" rel="self" type="application/rss+xml" />
    <item>
      <title>John Doe</title>
      <link>//localhost:1313/authors/john-doe/</link>
      <pubDate>Mon, 01 Jan 0001 00:00:00 +0000</pubDate>
      <guid>//localhost:1313/authors/john-doe/</guid>
      <description>&lt;p&gt;lorem ipsum dolor sit amet, consectetur adipiscing elit, sed do eiusmod tempor incididunt ut labore et dolore magna aliqua. Ut enim ad minim veniam, quis nostr navigation et dolore magna aliqua.&lt;/p&gt;</description>
    </item>
    <item>
      <title>Sam Wilson</title>
      <link>//localhost:1313/authors/sam-wilson/</link>
      <pubDate>Mon, 01 Jan 0001 00:00:00 +0000</pubDate>
      <guid>//localhost:1313/authors/sam-wilson/</guid>
      <description>&lt;p&gt;lorem ipsum dolor sit amet, consectetur adipiscing elit, sed do eiusmod tempor incididunt ut labore et dolore magna aliqua. Ut enim ad minim veniam, quis nostr navigation et dolore magna aliqua.&lt;/p&gt;</description>
    </item>
    <item>
      <title>William Jacob</title>
      <link>//localhost:1313/authors/william-jacob/</link>
      <pubDate>Mon, 01 Jan 0001 00:00:00 +0000</pubDate>
      <guid>//localhost:1313/authors/william-jacob/</guid>
      <description>&lt;p&gt;lorem ipsum dolor sit amet, consectetur adipiscing elit, sed do eiusmod tempor incididunt ut labore et dolore magna aliqua. Ut enim ad minim veniam, quis nostr navigation et dolore magna aliqua.&lt;/p&gt;</description>
    </item>
  </channel>
</rss>
